Location,Start Date,End Date,confirmed total,Deaths Total,Recovered Total,Rows
Afghanistan,24/02/2020,04/08/2021,148933,6836,82586,528
Albania,09/03/2020,04/08/2021,133310,2457,130314,514
Algeria,25/02/2020,04/08/2021,176724,4404,118409,527
Andorra,02/03/2020,04/08/2021,14797,128,14380,521
Angola,20/03/2020,04/08/2021,43158,1026,39582,503
Antigua And Barbuda,13/03/2020,04/08/2021,1311,43,1239,510
Argentina,03/03/2020,04/08/2021,4975616,106747,4615834,520
Armenia,01/03/2020,04/08/2021,230993,4625,220438,522
Australia - Australian Capital Territory,13/03/2020,04/08/2021,124,3,121,510
Australia - New South Wales,26/01/2020,31/07/2020,3773,50,2997,188
Australia - Northern Territory,04/03/2020,04/08/2021,200,0,193,519
Australia - Queensland,29/01/2020,04/08/2021,1886,7,1727,554
Australia - South Australia,01/02/2020,04/08/2021,866,4,841,551
Australia - Tasmania,02/03/2020,04/08/2021,235,13,221,521
Australia - Victoria,26/01/2020,04/08/2021,20961,820,20061,557
Australia - Western Australia,29/02/2020,04/08/2021,1058,9,1039,523
Austria,25/02/2020,04/08/2021,655955,13147,644388,527
Azerbaijan,01/03/2020,04/08/2021,346878,5039,333694,522
Bahamas,16/03/2020,04/08/2021,15124,292,12702,507
Bahrain,24/02/2020,04/08/2021,269617,1384,267220,528
Bangladesh,08/03/2020,04/08/2021,1309910,21638,1141157,515
Barbados,17/03/2020,04/08/2021,4433,48,4251,506
Belarus,28/02/2020,04/08/2021,449302,3494,443417,524
Belgium,04/02/2020,11/11/2020,515391,13758,31130,282
Belize,23/03/2020,04/08/2021,14331,338,13543,500
Benin,16/03/2020,04/08/2021,8608,110,8136,507
Bhutan,06/03/2020,04/08/2021,2540,2,2418,517
Bolivia,11/03/2020,04/08/2021,476097,17910,411830,512
Bosnia And Herzegovina,05/03/2020,04/08/2021,205949,9689,189710,518
Botswana,30/03/2020,04/08/2021,115220,1653,96964,493
Brazil,26/02/2020,04/08/2021,20034407,559944,17771228,526
Brunei,09/03/2020,04/08/2021,338,3,280,514
Bulgaria,08/03/2020,04/08/2021,426432,18229,398721,515
Burkina Faso,10/03/2020,04/08/2021,13599,169,13385,513
Burma,27/03/2020,04/08/2021,315118,10695,225849,496
Burundi,31/03/2020,04/08/2021,7518,38,773,492
Cabo Verde,20/03/2020,04/08/2021,33906,298,33173,503
Cambodia,27/01/2020,04/08/2021,79634,1488,72803,556
Cameroon,06/03/2020,04/08/2021,82064,1334,35261,517
Central African Republic,15/03/2020,04/08/2021,7151,98,6859,508
Chad,19/03/2020,04/08/2021,4974,174,4796,504
Chile,23/02/2020,04/08/2021,1619183,35671,1575377,529
China - Anhui,22/01/2020,04/08/2021,1008,6,1002,561
China - Beijing,22/01/2020,04/08/2021,1099,9,1068,561
China - Chongqing,22/01/2020,04/08/2021,603,6,593,561
China - Fujian,22/01/2020,04/08/2021,751,1,702,561
China - Gansu,23/01/2020,04/08/2021,199,2,193,560
China - Guangdong,22/01/2020,04/08/2021,2896,8,2822,561
China - Guangxi,22/01/2020,04/08/2021,277,2,273,561
China - Guizhou,22/01/2020,04/08/2021,147,2,145,561
China - Hainan,22/01/2020,04/08/2021,189,6,182,561
China - Heilongjiang,23/01/2020,04/08/2021,1612,13,1599,560
China - Hong Kong,23/01/2020,04/08/2021,11996,212,11721,560
China - Hubei,22/01/2020,04/08/2021,68211,4512,64435,561
China - Hunan,22/01/2020,04/08/2021,1120,4,1064,561
China - Inner Mongolia,24/01/2020,04/08/2021,408,1,398,559
China - Jiangsu,22/01/2020,04/08/2021,1166,0,752,561
China - Jiangxi,22/01/2020,04/08/2021,937,1,936,561
China - Jilin,23/01/2020,04/08/2021,574,3,570,560
China - Liaoning,22/01/2020,04/08/2021,438,2,428,561
China - Macau,22/01/2020,04/08/2021,63,0,54,561
China - Ningxia,22/01/2020,04/08/2021,77,0,76,561
China - Qinghai,25/01/2020,04/08/2021,18,0,18,558
China - Shaanxi,23/01/2020,04/08/2021,661,3,633,560
China - Shandong,22/01/2020,04/08/2021,900,7,876,561
China - Shanghai,22/01/2020,04/08/2021,2329,7,2253,561
China - Shanxi,22/01/2020,04/08/2021,254,0,253,561
China - Sichuan,22/01/2020,04/08/2021,1158,3,1113,561
China - Tianjin,22/01/2020,04/08/2021,429,3,400,561
China - Tibet,30/01/2020,04/08/2021,1,0,1,553
China - Unknown,31/03/2020,29/07/2021,10252,198,39,486
China - Xinjiang,23/01/2020,04/08/2021,980,3,977,560
China - Yunnan,22/01/2020,04/08/2021,862,2,477,561
China - Zhejiang,22/01/2020,04/08/2021,1398,1,1377,561
Colombia,06/03/2020,04/08/2021,4815063,121695,4615354,517
Comoros,30/04/2020,04/08/2021,4029,147,3873,462
Congo (Brazzaville),15/03/2020,04/08/2021,13216,178,12421,508
Congo (Kinshasa),11/03/2020,04/08/2021,50793,1045,30043,512
Costa Rica,06/03/2020,04/08/2021,412918,5087,334759,517
Cote D'Ivoire,11/03/2020,04/08/2021,50650,334,49642,512
Croatia,25/02/2020,04/08/2021,364244,8267,354830,527
Cuba,12/03/2020,04/08/2021,422614,3091,373354,511
Cyprus,10/03/2020,04/08/2021,105036,431,39061,513
Czechia,01/03/2020,04/08/2021,1674183,30378,1641321,522
Denmark - Faroe Islands,04/03/2020,04/08/2021,987,2,963,519
Denmark - Greenland,16/03/2020,04/08/2021,135,0,87,507
Denmark,27/02/2020,04/08/2021,320222,2550,306324,525
Diamond Princess,07/02/2020,04/08/2021,712,13,699,545
Djibouti,18/03/2020,04/08/2021,11655,156,11491,505
Dominica,22/03/2020,04/08/2021,218,0,209,501
Dominican Republic,01/03/2020,04/08/2021,343186,3971,324861,522
Ecuador,01/03/2020,04/08/2021,489497,31721,443880,522
Egypt,14/02/2020,04/08/2021,284472,16550,232179,538
El Salvador,19/03/2020,04/08/2021,87498,2672,76670,504
Equatorial Guinea,15/03/2020,04/08/2021,8928,123,8709,508
Eritrea,21/03/2020,04/08/2021,6568,35,6475,502
Estonia,27/02/2020,04/08/2021,134221,1273,129183,525
Eswatini,14/03/2020,04/08/2021,28535,818,22127,509
Ethiopia,13/03/2020,04/08/2021,281811,4403,264008,510
Fiji,19/03/2020,04/08/2021,33920,272,10848,504
Finland,29/01/2020,04/08/2021,110076,1012,46000,554
France - French Guiana,07/03/2020,04/08/2021,30449,189,9995,516
France - French Polynesia,13/03/2020,04/08/2021,21316,154,19599,510
France - Guadeloupe,13/03/2020,04/08/2021,21125,283,2250,510
France - Martinique,07/03/2020,04/08/2021,23667,147,104,516
France - Mayotte,15/03/2020,04/08/2021,20176,174,2964,508
France - New Caledonia,19/03/2020,04/08/2021,134,0,58,504
France - Reunion,11/03/2020,04/08/2021,40245,288,35563,512
France - Saint Barthelemy,04/03/2020,04/08/2021,1335,1,462,519
France - Saint Pierre And Miquelon,05/04/2020,04/08/2021,28,0,26,487
France - St Martin,09/03/2020,04/08/2021,2707,30,1399,514
France - Wallis And Futuna,19/10/2020,04/08/2021,454,7,438,290
France,24/01/2020,04/08/2021,6111503,110972,342647,559
Gabon,14/03/2020,04/08/2021,25440,165,25228,509
Gambia,17/03/2020,04/08/2021,8392,233,7310,506
Georgia,26/02/2020,04/08/2021,432903,5948,390827,526
Germany,27/01/2020,04/08/2021,3777446,91704,3659260,556
Ghana,14/03/2020,04/08/2021,106053,847,98633,509
Greece,26/02/2020,04/08/2021,503885,13013,93764,526
Grenada,22/03/2020,04/08/2021,164,1,161,501
Guatemala,14/03/2020,04/08/2021,377446,10524,331374,509
Guinea,13/03/2020,04/08/2021,26188,238,24463,510
Guinea-Bissau,25/03/2020,04/08/2021,4629,79,4027,498
Guyana,12/03/2020,04/08/2021,22643,549,22327,511
Haiti,20/03/2020,04/08/2021,20433,572,12961,503
Holy See,06/03/2020,04/08/2021,27,0,27,517
Honduras,11/03/2020,04/08/2021,303387,8014,102384,512
Hungary,04/03/2020,04/08/2021,809731,30032,749773,519
Iceland,28/02/2020,04/08/2021,8353,30,6993,524
India,30/01/2020,04/08/2021,31812114,426290,30974748,553
Indonesia,02/03/2020,04/08/2021,3532567,100636,2907920,521
Iran,19/02/2020,04/08/2021,4019084,92194,3444798,533
Iraq,24/02/2020,04/08/2021,1673084,18938,1494760,528
Ireland,29/02/2020,04/08/2021,305527,5044,23364,523
Israel,21/02/2020,04/08/2021,885766,6503,854888,531
Italy,31/01/2020,04/08/2021,4369964,128136,4144608,552
Jamaica,11/03/2020,04/08/2021,53639,1207,47101,512
Japan,22/01/2020,04/08/2021,971743,15233,852451,561
Jordan,03/03/2020,04/08/2021,774554,10082,752624,520
Kazakhstan,13/03/2020,04/08/2021,672895,9077,555079,510
Kenya,13/03/2020,04/08/2021,206691,4025,191188,510
"Korea, South",22/01/2020,04/08/2021,205702,2109,180719,561
Kosovo,14/03/2020,04/08/2021,108844,2269,105688,509
Kuwait,24/02/2020,04/08/2021,400979,2351,388880,528
Kyrgyzstan,18/03/2020,04/08/2021,166236,2363,150852,505
Laos,24/03/2020,04/08/2021,7305,7,3804,499
Latvia,02/03/2020,04/08/2021,139134,2558,135690,521
Lebanon,21/02/2020,04/08/2021,565896,7921,537653,531
Lesotho,13/05/2020,04/08/2021,13603,377,6664,449
Liberia,17/03/2020,04/08/2021,5459,220,2715,506
Libya,24/03/2020,04/08/2021,260951,3635,195639,499
Liechtenstein,04/03/2020,04/08/2021,3195,58,3011,519
Lithuania,19/03/2020,04/08/2021,284586,4418,269840,504
Luxembourg,29/02/2020,04/08/2021,74144,824,72306,523
Ms Zaandam,28/03/2020,04/08/2021,9,2,7,495
Madagascar,20/03/2020,04/08/2021,42685,943,41177,503
Malawi,02/04/2020,04/08/2021,54178,1729,39841,490
Malaysia,25/01/2020,04/08/2021,1183110,9855,962731,558
Maldives,08/03/2020,04/08/2021,77895,222,75095,515
Mali,25/03/2020,04/08/2021,14605,534,13962,498
Malta,07/03/2020,04/08/2021,34590,423,32438,516
Marshall Islands,28/10/2020,04/08/2021,4,0,4,281
Mauritania,14/03/2020,04/08/2021,26902,581,22859,509
Mauritius,18/03/2020,04/08/2021,4493,20,1854,505
Mexico,28/02/2020,04/08/2021,2901094,242547,2270427,524
Micronesia,21/01/2021,04/08/2021,1,0,1,196
Moldova,08/03/2020,04/08/2021,260024,6266,252421,515
Monaco,29/02/2020,04/08/2021,2940,33,2759,523
Mongolia,10/03/2020,04/08/2021,169851,727,164829,513
Montenegro,17/03/2020,04/08/2021,102660,1633,99152,506
Morocco,02/03/2020,04/08/2021,653286,10015,582692,521
Namibia,14/03/2020,04/08/2021,119984,3112,96568,509
Nepal,25/01/2020,04/08/2021,705072,9957,661651,558
Netherlands - Aruba,13/03/2020,04/08/2021,12000,111,11259,510
"Netherlands - Bonaire, Sint Eustatius And Saba",02/04/2020,04/08/2021,1710,17,1673,490
Netherlands - Curacao,14/03/2020,04/08/2021,13835,130,13157,509
Netherlands - Sint Maarten,20/03/2020,04/08/2021,2848,34,2682,503
New Zealand,28/02/2020,04/08/2021,2880,28,2824,524
Nicaragua,19/03/2020,04/08/2021,7890,196,4225,504
Niger,20/03/2020,04/08/2021,5663,196,5351,503
Nigeria,28/02/2020,04/08/2021,176011,2167,165208,524
North Macedonia,26/02/2020,04/08/2021,156707,5497,150440,526
Norway,26/02/2020,04/08/2021,139218,804,17998,526
Oman,24/02/2020,04/08/2021,297724,3889,281724,528
Pakistan,25/02/2020,04/08/2021,1053660,23635,952616,527
Panama,10/03/2020,04/08/2021,438781,6860,420113,513
Papua New Guinea,20/03/2020,04/08/2021,17774,192,17384,503
Paraguay,08/03/2020,04/08/2021,453794,15172,423964,515
Peru,06/03/2020,04/08/2021,2119068,196673,2086086,517
Philippines,30/01/2020,04/08/2021,1619824,28231,1528422,553
Poland,04/03/2020,04/08/2021,2883448,75269,2653981,519
Portugal,02/03/2020,04/08/2021,977406,17412,912620,521
Qatar,29/02/2020,04/08/2021,226874,601,224285,523
Romania,26/02/2020,04/08/2021,1083982,34298,1048072,526
Russia,31/01/2020,04/08/2021,6274006,159032,5609682,552
Rwanda,14/03/2020,04/08/2021,73610,850,44911,509
Saint Kitts And Nevis,25/03/2020,04/08/2021,600,3,549,498
Saint Lucia,14/03/2020,04/08/2021,5671,89,5398,509
Saint Vincent And The Grenadines,14/03/2020,04/08/2021,2298,12,2233,509
Samoa,18/11/2020,04/08/2021,3,0,3,260
San Marino,29/02/2020,04/08/2021,5178,90,5009,523
Sao Tome And Principe,06/04/2020,04/08/2021,2463,41,2365,486
Saudi Arabia,02/03/2020,04/08/2021,526814,8249,507374,521
Senegal,02/03/2020,04/08/2021,64522,1423,48812,521
Serbia,06/03/2020,19/07/2020,20894,472,15564,136
Seychelles,15/03/2020,04/08/2021,18546,91,17874,508
Sierra Leone,31/03/2020,04/08/2021,6296,120,4287,492
Singapore,23/01/2020,04/08/2021,65410,39,63357,560
Slovakia,06/03/2020,04/08/2021,776716,12541,255300,517
Slovenia,05/03/2020,04/08/2021,259625,4429,253972,518
Solomon Islands,12/10/2020,04/08/2021,20,0,20,297
Somalia,16/03/2020,04/08/2021,15658,832,7661,507
South Africa,05/03/2020,04/08/2021,2484009,73415,2258603,518
South Sudan,05/04/2020,04/08/2021,11081,120,10514,487
Spain,01/02/2020,04/08/2021,4545184,81844,150376,551
Sri Lanka,27/01/2020,04/08/2021,318775,4727,284524,556
Sudan,14/03/2020,04/08/2021,37138,2776,30647,509
Suriname,14/03/2020,04/08/2021,25614,657,21978,509
Switzerland,25/02/2020,04/08/2021,721776,10796,317600,527
Taiwan*,22/01/2020,04/08/2021,15742,791,12957,561
Tajikistan,01/05/2020,04/08/2021,15764,122,14867,461
Tanzania,16/03/2020,04/08/2021,1017,21,183,507
Thailand,22/01/2020,04/08/2021,672385,5503,26873,561
Togo,06/03/2020,04/08/2021,16232,155,14654,517
Trinidad And Tobago,14/03/2020,04/08/2021,39345,1110,32454,509
Tunisia,04/03/2020,04/08/2021,602757,20550,530545,519
Turkey,11/03/2020,04/08/2021,5822487,51767,5478185,512
Us,22/01/2020,13/12/2020,16441925,302831,6298082,327
Uganda,21/03/2020,04/08/2021,94739,2734,86826,502
Ukraine,03/03/2020,04/08/2021,2338123,55707,2258433,520
United Arab Emirates,29/01/2020,04/08/2021,686981,1965,664130,554
United Kingdom - Anguilla,28/03/2020,04/08/2021,113,0,111,495
United Kingdom - Bermuda,19/03/2020,04/08/2021,2589,33,2503,504
United Kingdom - British Virgin Islands,28/03/2020,04/08/2021,2500,31,1914,495
United Kingdom - Cayman Islands,13/03/2020,04/08/2021,644,2,635,510
United Kingdom - Falkland Islands (Malvinas),04/04/2020,04/08/2021,66,0,63,488
United Kingdom - Gibraltar,04/03/2020,04/08/2021,5056,95,4670,519
United Kingdom - Isle Of Man,20/03/2020,04/08/2021,5145,30,4019,503
United Kingdom - Montserrat,18/03/2020,04/08/2021,21,1,19,505
"United Kingdom - Saint Helena, Ascension And Tristan Da Cunha",18/03/2020,04/08/2021,4,1,4,505
United Kingdom - Turks And Caicos Islands,28/03/2020,04/08/2021,2486,18,2433,495
United Kingdom,31/01/2020,12/04/2020,92885,19861,344,73
Uruguay,13/03/2020,04/08/2021,381994,5979,374203,510
Uzbekistan,15/03/2020,04/08/2021,132901,901,126377,508
Vanuatu,10/11/2020,04/08/2021,4,1,3,268
Venezuela,14/03/2020,04/08/2021,309218,3649,294607,509
Vietnam,23/01/2020,04/08/2021,181756,2327,54332,560
West Bank And Gaza,05/03/2020,04/08/2021,317404,3609,312320,518
Yemen,10/04/2020,04/08/2021,7096,1380,4251,482
Zambia,18/03/2020,04/08/2021,197791,3430,189658,505
Zimbabwe,20/03/2020,04/08/2021,113526,3711,82994,503
