Location,Start Date,End Date,confirmed total,Deaths Total,Recovered Total,Rows,Population
Afghanistan,24/02/2020,04/08/2021,148933,6836,82586,528,39068979.0
Albania,09/03/2020,04/08/2021,133310,2457,130314,514,2528480.0
Algeria,25/02/2020,04/08/2021,176724,4404,118409,527,44042091.0
Andorra,02/03/2020,04/08/2021,14797,128,14380,521,77380.0
Angola,20/03/2020,04/08/2021,43158,1026,39582,503,33451132.0
Antigua and Barbuda,13/03/2020,04/08/2021,1311,43,1239,510,91846.0
Argentina,03/03/2020,04/08/2021,4975616,106747,4615834,520,45191965.0
Armenia,01/03/2020,04/08/2021,230993,4625,220438,522,2961500.0
Austria,25/02/2020,04/08/2021,655955,13147,644388,527,8916864.0
Azerbaijan,01/03/2020,04/08/2021,346878,5039,333694,522,10093121.0
"Bahamas, The",16/03/2020,04/08/2021,15124,292,12702,507,395863.0
Bahrain,24/02/2020,04/08/2021,269617,1384,267220,528,1472204.0
Bangladesh,08/03/2020,04/08/2021,1309910,21638,1141157,515,166298024.0
Barbados,17/03/2020,04/08/2021,4433,48,4251,506,281698.0
Belarus,28/02/2020,04/08/2021,449302,3494,443417,524,9379952.0
Belgium,04/02/2020,11/11/2020,515391,13758,31130,282,11538604.0
Belize,23/03/2020,04/08/2021,14331,338,13543,500,390812.0
Benin,16/03/2020,04/08/2021,8608,110,8136,507,13070169.0
Bhutan,06/03/2020,04/08/2021,2540,2,2418,517,770006.0
Bolivia,11/03/2020,04/08/2021,476097,17910,411830,512,11816299.0
Bosnia and Herzegovina,05/03/2020,04/08/2021,205949,9689,189710,518,3299349.0
Botswana,30/03/2020,04/08/2021,115220,1653,96964,493,2365894.0
Brazil,26/02/2020,04/08/2021,20034407,559944,17771228,526,208660842.0
Brunei Darussalam,09/03/2020,04/08/2021,338,3,280,514,447404.0
Bulgaria,08/03/2020,04/08/2021,426432,18229,398721,515,6550696.0
Burkina Faso,10/03/2020,04/08/2021,13599,169,13385,513,21478690.0
Myanmar,27/03/2020,04/08/2021,315118,10695,225849,496,53016522.0
Burundi,31/03/2020,04/08/2021,7518,38,773,492,12617036.0
Cabo Verde,20/03/2020,04/08/2021,33906,298,33173,503,514679.0
Cambodia,27/01/2020,04/08/2021,79634,1488,72803,556,16725474.0
Cameroon,06/03/2020,04/08/2021,82064,1334,35261,517,26210558.0
Central African Republic,15/03/2020,04/08/2021,7151,98,6859,508,5026628.0
Chad,19/03/2020,04/08/2021,4974,174,4796,504,17224679.0
Chile,23/02/2020,04/08/2021,1619183,35671,1575377,529,19370624.0
Colombia,06/03/2020,04/08/2021,4815063,121695,4615354,517,50629997.0
Comoros,30/04/2020,04/08/2021,4029,147,3873,462,802163.0
"Congo, Rep.",15/03/2020,04/08/2021,13216,178,12421,508,5752791.0
"Congo, Dem. Rep.",11/03/2020,04/08/2021,50793,1045,30043,512,95989998.0
Costa Rica,06/03/2020,04/08/2021,412918,5087,334759,517,5034320.0
Cote d'Ivoire,11/03/2020,04/08/2021,50650,334,49642,512,28915449.0
Croatia,25/02/2020,04/08/2021,364244,8267,354830,527,3914206.0
Cuba,12/03/2020,04/08/2021,422614,3091,373354,511,11176354.0
Cyprus,10/03/2020,04/08/2021,105036,431,39061,513,1302247.0
Czechia,01/03/2020,04/08/2021,1674183,30378,1641321,522,10697858.0
Denmark,27/02/2020,04/08/2021,320222,2550,306324,525,5831404.0
Djibouti,18/03/2020,04/08/2021,11655,156,11491,505,1105188.0
Dominica,22/03/2020,04/08/2021,218,0,209,501,67573.0
Dominican Republic,01/03/2020,04/08/2021,343186,3971,324861,522,11008300.0
Ecuador,01/03/2020,04/08/2021,489497,31721,443880,522,17546065.0
"Egypt, Arab Rep.",14/02/2020,04/08/2021,284472,16550,232179,538,109315124.0
El Salvador,19/03/2020,04/08/2021,87498,2672,76670,504,6234673.0
Equatorial Guinea,15/03/2020,04/08/2021,8928,123,8709,508,1716468.0
Eritrea,21/03/2020,04/08/2021,6568,35,6475,502,3291271.0
Estonia,27/02/2020,04/08/2021,134221,1273,129183,525,1329522.0
Eswatini,14/03/2020,04/08/2021,28535,818,22127,509,1192729.0
Ethiopia,13/03/2020,04/08/2021,281811,4403,264008,510,118917671.0
Fiji,19/03/2020,04/08/2021,33920,272,10848,504,914963.0
Finland,29/01/2020,04/08/2021,110076,1012,46000,554,5529543.0
France,24/01/2020,04/08/2021,6111503,110972,342647,559,67601110.0
Gabon,14/03/2020,04/08/2021,25440,165,25228,509,2322539.0
"Gambia, The",17/03/2020,04/08/2021,8392,233,7310,506,2515733.0
Georgia,26/02/2020,04/08/2021,432903,5948,390827,526,3722716.0
Germany,27/01/2020,04/08/2021,3777446,91704,3659260,556,83160871.0
Ghana,14/03/2020,04/08/2021,106053,847,98633,509,31887809.0
Greece,26/02/2020,04/08/2021,503885,13013,93764,526,10698599.0
Grenada,22/03/2020,04/08/2021,164,1,161,501,116341.0
Guatemala,14/03/2020,04/08/2021,377446,10524,331374,509,17357325.0
Guinea,13/03/2020,04/08/2021,26188,238,24463,510,13371183.0
Guinea-Bissau,25/03/2020,04/08/2021,4629,79,4027,498,2013255.0
Guyana,12/03/2020,04/08/2021,22643,549,22327,511,807481.0
Haiti,20/03/2020,04/08/2021,20433,572,12961,503,11243848.0
Honduras,11/03/2020,04/08/2021,303387,8014,102384,512,10119640.0
Hungary,04/03/2020,04/08/2021,809731,30032,749773,519,9670419.0
Iceland,28/02/2020,04/08/2021,8353,30,6993,524,366463.0
India,30/01/2020,04/08/2021,31812114,426290,30974748,553,1402617695.0
Indonesia,02/03/2020,04/08/2021,3532567,100636,2907920,521,274814866.0
"Iran, Islamic Rep.",19/02/2020,04/08/2021,4019084,92194,3444798,533,87723443.0
Iraq,24/02/2020,04/08/2021,1673084,18938,1494760,528,42116605.0
Ireland,29/02/2020,04/08/2021,305527,5044,23364,523,5039747.0
Israel,21/02/2020,04/08/2021,885766,6503,854888,531,9215100.0
Italy,31/01/2020,04/08/2021,4369964,128136,4144608,552,59438851.0
Jamaica,11/03/2020,04/08/2021,53639,1207,47101,512,2830739.0
Japan,22/01/2020,04/08/2021,971743,15233,852451,561,126261000.0
Jordan,03/03/2020,04/08/2021,774554,10082,752624,520,10865228.0
Kazakhstan,13/03/2020,04/08/2021,672895,9077,555079,510,19482117.0
Kenya,13/03/2020,04/08/2021,206691,4025,191188,510,52217334.0
"Korea, Rep.",22/01/2020,04/08/2021,205702,2109,180719,561,51836239.0
Kosovo,14/03/2020,04/08/2021,108844,2269,105688,509,1790151.0
Kuwait,24/02/2020,04/08/2021,400979,2351,388880,528,4400267.0
Kyrgyz Republic,18/03/2020,04/08/2021,166236,2363,150852,505,6726596.0
Lao PDR,24/03/2020,04/08/2021,7305,7,3804,499,7346533.0
Latvia,02/03/2020,04/08/2021,139134,2558,135690,521,1900449.0
Lebanon,21/02/2020,04/08/2021,565896,7921,537653,531,5702398.0
Lesotho,13/05/2020,04/08/2021,13603,377,6664,449,2235727.0
Liberia,17/03/2020,04/08/2021,5459,220,2715,506,5149463.0
Libya,24/03/2020,04/08/2021,260951,3635,195639,499,7045399.0
Liechtenstein,04/03/2020,04/08/2021,3195,58,3011,519,38901.0
Lithuania,19/03/2020,04/08/2021,284586,4418,269840,504,2810369.0
Luxembourg,29/02/2020,04/08/2021,74144,824,72306,523,630419.0
Madagascar,20/03/2020,04/08/2021,42685,943,41177,503,28953556.0
Malawi,02/04/2020,04/08/2021,54178,1729,39841,490,19533888.0
Malaysia,25/01/2020,04/08/2021,1183110,9855,962731,558,33889558.0
Maldives,08/03/2020,04/08/2021,77895,222,75095,515,502118.0
Mali,25/03/2020,04/08/2021,14605,534,13962,498,21713836.0
Malta,07/03/2020,04/08/2021,34590,423,32438,516,515490.0
Marshall Islands,28/10/2020,04/08/2021,4,0,4,281,42706.0
Mauritania,14/03/2020,04/08/2021,26902,581,22859,509,4600131.0
Mauritius,18/03/2020,04/08/2021,4493,20,1854,505,1266014.0
Mexico,28/02/2020,04/08/2021,2901094,242547,2270427,524,126799054.0
"Micronesia, Fed. Sts.",21/01/2021,04/08/2021,1,0,1,196,110916.0
Moldova,08/03/2020,04/08/2021,260024,6266,252421,515,2635130.0
Monaco,29/02/2020,04/08/2021,2940,33,2759,523,38050.0
Mongolia,10/03/2020,04/08/2021,169851,727,164829,513,3327204.0
Montenegro,17/03/2020,04/08/2021,102660,1633,99152,506,626590.0
Morocco,02/03/2020,04/08/2021,653286,10015,582692,521,36584208.0
Namibia,14/03/2020,04/08/2021,119984,3112,96568,509,2728762.0
Nepal,25/01/2020,04/08/2021,705072,9957,661651,558,28966574.0
New Zealand,28/02/2020,04/08/2021,2880,28,2824,524,5072400.0
Nicaragua,19/03/2020,04/08/2021,7890,196,4225,504,6565267.0
Niger,20/03/2020,04/08/2021,5663,196,5351,503,23717613.0
Nigeria,28/02/2020,04/08/2021,176011,2167,165208,524,213996181.0
North Macedonia,26/02/2020,04/08/2021,156707,5497,150440,526,1856124.0
Norway,26/02/2020,04/08/2021,139218,804,17998,526,5379475.0
Oman,24/02/2020,04/08/2021,297724,3889,281724,528,4522497.0
Pakistan,25/02/2020,04/08/2021,1053660,23635,952616,527,235001746.0
Panama,10/03/2020,04/08/2021,438781,6860,420113,513,4293261.0
Papua New Guinea,20/03/2020,04/08/2021,17774,192,17384,503,9815746.0
Paraguay,08/03/2020,04/08/2021,453794,15172,423964,515,6603739.0
Peru,06/03/2020,04/08/2021,2119068,196673,2086086,517,32838579.0
Philippines,30/01/2020,04/08/2021,1619824,28231,1528422,553,112081264.0
Poland,04/03/2020,04/08/2021,2883448,75269,2653981,519,37515748.0
Portugal,02/03/2020,04/08/2021,977406,17412,912620,521,10297081.0
Qatar,29/02/2020,04/08/2021,226874,601,224285,523,2794148.0
Romania,26/02/2020,04/08/2021,1083982,34298,1048072,526,19265250.0
Russian Federation,31/01/2020,04/08/2021,6274006,159032,5609682,552,145245148.0
Rwanda,14/03/2020,04/08/2021,73610,850,44911,509,13065837.0
Samoa,18/11/2020,04/08/2021,3,0,3,260,211944.0
San Marino,29/02/2020,04/08/2021,5178,90,5009,523,34770.0
Saudi Arabia,02/03/2020,04/08/2021,526814,8249,507374,521,31552510.0
Senegal,02/03/2020,04/08/2021,64522,1423,48812,521,16789219.0
Serbia,06/03/2020,19/07/2020,20894,472,15564,136,6899126.0
Seychelles,15/03/2020,04/08/2021,18546,91,17874,508,98462.0
Sierra Leone,31/03/2020,04/08/2021,6296,120,4287,492,7912558.0
Singapore,23/01/2020,04/08/2021,65410,39,63357,560,5685807.0
Slovak Republic,06/03/2020,04/08/2021,776716,12541,255300,517,5458827.0
Slovenia,05/03/2020,04/08/2021,259625,4429,253972,518,2102419.0
Solomon Islands,12/10/2020,04/08/2021,20,0,20,297,744498.0
"Somalia, Fed. Rep.",16/03/2020,04/08/2021,15658,832,7661,507,16651191.0
South Africa,05/03/2020,04/08/2021,2484009,73415,2258603,518,60562381.0
South Sudan,05/04/2020,04/08/2021,11081,120,10514,487,10698467.0
Spain,01/02/2020,04/08/2021,4545184,81844,150376,551,47359424.0
Sri Lanka,27/01/2020,04/08/2021,318775,4727,284524,556,21919000.0
Sudan,14/03/2020,04/08/2021,37138,2776,30647,509,46789231.0
Suriname,14/03/2020,04/08/2021,25614,657,21978,509,612317.0
Switzerland,25/02/2020,04/08/2021,721776,10796,317600,527,8638167.0
Tajikistan,01/05/2020,04/08/2021,15764,122,14867,461,9749310.0
Tanzania,16/03/2020,04/08/2021,1017,21,183,507,60972798.0
Thailand,22/01/2020,04/08/2021,672385,5503,26873,561,71641484.0
Togo,06/03/2020,04/08/2021,16232,155,14654,517,7788054.0
Tunisia,04/03/2020,04/08/2021,602757,20550,530545,519,11974057.0
Turkiye,11/03/2020,04/08/2021,5822487,51767,5478185,512,83384680.0
United States,22/01/2020,13/12/2020,16441925,302831,6298082,327,331578104.0
Uganda,21/03/2020,04/08/2021,94739,2734,86826,502,44457152.0
Ukraine,03/03/2020,04/08/2021,2338123,55707,2258433,520,44680014.0
United Arab Emirates,29/01/2020,04/08/2021,686981,1965,664130,554,9401038.0
United Kingdom,31/01/2020,12/04/2020,92885,19861,344,73,66740000.0
Uruguay,13/03/2020,04/08/2021,381994,5979,374203,510,3398968.0
Uzbekistan,15/03/2020,04/08/2021,132901,901,126377,508,33586372.0
Vanuatu,10/11/2020,04/08/2021,4,1,3,268,298858.0
"Venezuela, RB",14/03/2020,04/08/2021,309218,3649,294607,509,28444077.0
Viet Nam,23/01/2020,04/08/2021,181756,2327,54332,560,98079191.0
"Yemen, Rep.",10/04/2020,04/08/2021,7096,1380,4251,482,36134863.0
Zambia,18/03/2020,04/08/2021,197791,3430,189658,505,19059395.0
Zimbabwe,20/03/2020,04/08/2021,113526,3711,82994,503,15526888.0
